Mutation,weighted_prevalence,se,ci_low,ci_high,n,x,Drug
pfcrt_76T,0.7576027914372355,0.03500321794712647,0.6889977449178616,0.8262078379566095,326,281,chloroquine
pfdhfr_108N,0.9971419376078926,0.0028567680581757793,0.9915427751016836,1.0027411001141016,346,345,pyrimethamine
pfdhfr_51I,0.9913184163955834,0.0037595455156159904,0.983949842586737,0.9986869902044297,350,343,pyrimethamine
pfdhfr_59R,0.5392325466860132,0.03431554393455256,0.4719753164643883,0.6064897769076381,350,242,pyrimethamine
pfdhps_437G,0.9463496363381207,0.015752463913986058,0.9154753743989412,0.9772238982773003,341,327,sulfadoxine
pfdhps_540E,0.9602228298101589,0.011939036422193856,0.9368227484125471,0.9836229112077708,348,336,sulfadoxine
pfdhps_581G,0.06492632866081065,0.01606028197650935,0.03344875440529457,0.09640390291632672,337,19,sulfadoxine
pfk13_433D,0.012459642446254625,0.0063545226865553365,5.006841663462991e-6,0.024914278050845787,345,4,artemisinin
pfk13_441L,0.0157895255886833,0.0037252951241404423,0.008488081313585364,0.023090969863781233,345,19,artemisinin
pfk13_574L,0.011514682604684658,0.005790010221872888,1.6647109969503485e-4,0.022862894109674282,310,4,artemisinin
pfk13_622I,0.35539439754657326,0.03728885083333052,0.2823095928883591,0.4284792022047874,310,65,artemisinin
pfk13_658E,0.021680022804277027,0.013507844769076361,0,0.04815491206042445,337,3,artemisinin
pfk13_675V,0.007593219306197536,0.004384625328344052,0,0.016186927035453984,337,3,artemisinin
pfmdr1_184F,0.980551507012346,0.007959903287662745,0.964950383248105,0.9961526307765869,338,330,lumefantrine
pfmdr1_D1246,0.9999999999999998,1.5147593150537926e-17,0.9999999999999998,0.9999999999999998,335,335,lumefantrine
pfmdr1_N86,0.999999999999999,6.828716587643413e-17,0.9999999999999989,0.9999999999999991,334,334,lumefantrine
