Genotype,n,x,weighted_prevalence,se,ci_low,ci_high
pfhrp2+/3+,312,136,0.29569351452441345,0.030457684238349093,0.23599755036475598,0.3553894786840709
pfhrp2+/3-,312,105,0.4122751176647165,0.03605111241235754,0.3416162357338908,0.4829339995955421
pfhrp2-/3-,312,64,0.2588396266791001,0.03091664687005069,0.19824411229105776,0.31943514106714244
pfhrp2-/3+,312,7,0.03319174113176983,0.01439426406369772,0.004979501982963146,0.06140398028057651
