Genotype,n,x,proportion,se,ci_low,ci_high
pfhrp2+/3+,312,136,0.31377259455267903,0.029748294547015892,0.2554670086390386,0.37207818046631946
pfhrp2+/3-,312,105,0.4048862775778046,0.03477561980597096,0.3367273152180438,0.4730452399375654
pfhrp2-/3-,312,64,0.24965254805718629,0.029580690193261507,0.19167546064055657,0.307629635473816
pfhrp2-/3+,312,7,0.03168857981233066,0.0138409606226446,0.004560795480510173,0.05881636414415115
