Region,n,x,mean_prevalence,se,ci_low,ci_high
Afar,22,1,0.05393378342299163,0.052325869258102134,-0.048623035782640114,0.15649060262862335
Amhara,98,33,0.33038225844498076,0.04848635292537361,0.23535075296955021,0.4254137639204113
Dire Dawa,21,5,0.23727143556967317,0.09299210253921841,0.055010263746149424,0.4195326073931969
Gambela,9,0,0,0,0,0
Sidama,17,0,0,0,0,0
SNNP,106,1,0.010284720239392033,0.010244359740211643,-0.009793855896094885,0.030363296374878952
Tigray,37,25,0.6742124903051133,0.07999064347521781,0.5174337099935026,0.8309912706167241
